{
  "title": "Physical Initiative",
  "description": "Physical initiative tracker that illuminates the player station using the color that the player has selected in Foundry.",
  "version": "1.0.0",
  "scripts": [
    "physical-initiative.js"
  ],
  "id": "physical-initiative",
  "authors": [
    {
      "name": "Arkaivos"
    }
  ],
  "languages": [
    {
      "lang": "en",
      "name": "English",
      "path": "lang/en.json"
    },
    {
      "lang": "es",
      "name": "Español",
      "path": "lang/es.json"
    }
  ],
  "compatibility": {
    "minimum": "10",
    "verified": "11"
  },
  "url": "https://github.com/Arkaivos/physical-initiative",
  "manifest": "https://github.com/Arkaivos/physical-initiative/blob/main/module.json",
}